id,symbol,name,price,market_cap,circulating_supply,total_supply,max_supply,contract,Payment_Token,Utility_Token,Investment_Token,Other_Class,Information_Class,Uncertainty_Class,On_Chain_Governance,Off_Chain_Governance,DAO_Governance,Delegated_Voting,Quadratic_Voting,Multi_Signature_Control,Council_Based_Governance,Proposal_Voting_Systems,Time_Locked_Governance,Community_Treasury_Voting,Other_Governance,Information_Governance,Uncertainty_Governance,Airdrops,Initial_Coin_Offering,Initial_Exchange_Offering,Security_Token_Offering,Initial_DEX_Offering,Liquidity_Bootstrapping_Pool,Fair_Launch,Direct_Sale,Community_Incentives,Bounty_Programs,Other_Distribution,Information_Distribution,Uncertainty_Distribution,Fixed_Supply_Hard_Cap,Halvening_Exponential_Decay,Linear_Emission,Staged_Vesting_Supply,Inflationary_Supply,Bonding_Curve_Issuance,Rebase_Elastic_Supply,Mint_Burn_On_Demand,Dynamic_Staking_Supply,DAO_Governance_Controlled,Continuous_Auction_Streaming,Other_Emission,Information_Emission,Uncertainty_Emission,Staking_Rewards,Liquidity_Mining,Governance_Token_Systems,Yield_Farming,Token_Based_User_Rewards,Other_Incentive,Information_Incentive,Uncertainty_Incentive,Fixed_Supply,Inflationary_Supply_Price_and_Market,Deflationary_Mechanisms,Halving_or_Exponential_Decay,Dynamic_Minting_and_Burning,Bonding_Curves,Continuous_Auctions_and_Streaming,Vesting_and_Staged_Releases,AMM_Pricing,DAO_Governance_Controlled_Pricing,Other_Price_and_Market,Information_Price_and_Market,Uncertainty_Price_and_Market,Smart_Contract_Audits,Bug_Bounty_Programs,Multi_Signature_Wallets,Insurance_Funds,Decentralized_Governance,Rate_Limiting_and_Circuit_Breakers,Token_Vesting_and_Lockups,Oracle_Security,Slashing_Mechanisms,KYC_AML_Compliance,Other_Risk_and_Security,Information_Risk_and_Security,Uncertainty_Risk_and_Security,Cliff_Period,Linear_Vesting,Graded_Vesting,Milestone_Based_Vesting,Hybrid_Vesting,Revocable_Vesting,Non_Revocable_Vesting,Team_Founder_Vesting,Investor_Vesting,Community_Incentive_Vesting,Other_Vesting_and_Cliff,Information_Vesting_and_Cliff,Uncertainty_Vesting_and_Cliff
825,USDT,Tether_USDt,1.0000321188082268,163911109958.2714,163905845497.8526,167785387638.62183,,0xdac17f958d2ee523a2206206994597c13d831ec7,1,0,0,0,A stablecoin pegged 1:1 to the US Dollar.,,0.0,1.0,0.0,0.0,0.0,1.0,0.0,0.0,0.0,0.0,0.0,"Centralized governance by Tether Limited, with multi-signature control for security.",,0.0,0.0,0.0,0.0,0.0,0.0,0.0,1.0,0.0,0.0,0.0,USDT distributed through direct sale via fiat deposits.,,0.0,0.0,0.0,0.0,0.0,0.0,0.0,1.0,0.0,0.0,0.0,0.0,Mint/burn 1:1 with fiat deposits and redemptions.,,0.0,0.0,0.0,0.0,1.0,0.0,Some platforms may offer staking-like rewards for USDT deposits.,,0.0,0.0,0.0,0.0,1.0,0.0,0.0,0.0,0.0,0.0,0.0,USDT tokens are minted and burned based on user demand and fiat deposits.,,1.0,0.0,0.0,0.0,0.0,0.0,0.0,0.0,0.0,1.0,0.0,Regular audits and regulatory compliance enhance security.,No evidence of bug bounty programs or multi-signature wallets.,0.0,0.0,0.0,0.0,0.0,0.0,0.0,0.0,0.0,0.0,0.0,USDT does not employ traditional vesting or cliff mechanisms. The issuance and redemption are solely driven by user demand and the corresponding fiat deposits and withdrawals.,
3408,USDC,USDC,0.9998173021828812,64198251643.69959,64209982667.37016,64209982667.37016,,0xa0b86991c6218b36c1d19d4a2e9eb0ce3606eb48,1,0,0,0,A stablecoin pegged 1:1 to the US Dollar.,,0.0,1.0,0.0,0.0,0.0,1.0,0.0,0.0,0.0,0.0,0.0,Centralized governance by Circle with role-based controls.,,0.0,0.0,0.0,0.0,0.0,0.0,0.0,1.0,0.0,0.0,0.0,USDC is minted upon USD deposits and redeemed by burning tokens.,No evidence of other distribution mechanisms found.,0.0,0.0,0.0,0.0,0.0,0.0,0.0,1.0,0.0,0.0,0.0,0.0,Mint/burn 1:1 with USD deposits/redemptions; cross-chain via burn-and-mint.,,0.0,0.0,0.0,0.0,1.0,1.0,USDC offers developer bounties and is used in reward programs.,,0.0,0.0,0.0,0.0,1.0,0.0,0.0,0.0,0.0,0.0,0.0,USDC mints/burns tokens based on USD deposits/redemptions to maintain 1:1 peg.,,1.0,1.0,1.0,0.0,0.0,0.0,0.0,0.0,0.0,1.0,0.0,"USDC employs audits, bug bounties, multi-signature wallets, and KYC/AML compliance.",,0.0,0.0,0.0,0.0,0.0,0.0,0.0,0.0,0.0,0.0,1.0,No vesting mechanisms for fiat-backed stablecoin.,
1975,LINK,Chainlink,16.63753785105554,11281913925.207882,678099970.4527867,1000000000.0,,0x514910771af9ca656af840dff83e8264ecf986ca,0,1,0,0,Used to pay Chainlink node operators for data services.,,1.0,1.0,0.0,0.0,0.0,1.0,0.0,1.0,1.0,0.0,0.0,Chainlink employs both on-chain and off-chain governance mechanisms.,No evidence of DAO governance or delegated voting mechanisms.,0.0,1.0,0.0,0.0,0.0,0.0,0.0,0.0,1.0,0.0,1.0,35% sold in 2017 ICO; 35% for node incentives; 30% for development.,"No evidence of airdrops, IEOs, STOs, IDOs, LBPs, fair launch, direct sales, or bounty programs.",1.0,0.0,0.0,1.0,0.0,0.0,0.0,0.0,1.0,0.0,0.0,0.0,Fixed supply of 1B tokens; vesting ended in 2024; staking rewards ongoing.,Staking rewards may affect circulating supply dynamics.,1.0,0.0,0.0,0.0,1.0,0.0,LINK stakers earn rewards; Build projects offer tokens to participants.,,1.0,0.0,0.0,0.0,0.0,0.0,0.0,1.0,0.0,0.0,0.0,LINK has a fixed supply of 1 billion tokens with staged releases.,,1.0,0.0,1.0,0.0,0.0,1.0,0.0,1.0,1.0,1.0,0.0,"Chainlink employs audits, multisig wallets, rate limits, and oracle security measures.",Bug bounty programs and insurance funds not explicitly mentioned in sources.,1.0,1.0,0.0,1.0,1.0,0.0,1.0,1.0,1.0,1.0,0.0,"Team tokens: 1-year cliff, 4-year linear vesting; node incentives: milestone-based.",
29470,USDe,Ethena_USDe,1.0006893011478433,9418447668.409794,9411959993.582762,9411959993.582762,,0x4c9edd5852cd905f086c759e8383e09bff1e68b3,1,0,0,0,A synthetic stablecoin pegged to the US Dollar.,,1.0,1.0,1.0,1.0,0.0,1.0,1.0,1.0,0.0,1.0,0.0,Ethena employs DAO governance with delegated voting and multisig control.,No evidence of quadratic voting or time-locked governance mechanisms.,1.0,0.0,0.0,0.0,0.0,0.0,0.0,0.0,1.0,0.0,0.0,USDe distributed via airdrops and community incentives.,No information on other distribution methods found.,0.0,0.0,0.0,0.0,0.0,0.0,0.0,1.0,0.0,0.0,0.0,0.0,USDe is minted/redeemed 1:1 against deposited/redeemed assets.,No additional emission mechanisms identified.,1.0,1.0,0.0,0.0,1.0,0.0,"USDe offers staking rewards, liquidity mining, and user activity incentives.",,0.0,0.0,0.0,0.0,1.0,0.0,0.0,0.0,0.0,0.0,0.0,USDe mints/burns tokens based on demand and delta-neutral hedging.,,1.0,0.0,1.0,1.0,0.0,1.0,0.0,1.0,0.0,0.0,0.0,"Audited contracts, multi-sig wallets, insurance funds, rate limiting, and oracle security implemented.","No information found on bug bounty programs, decentralized governance, token vesting, slashing mechanisms, or KYC/AML compliance.",1.0,1.0,0.0,0.0,1.0,0.0,1.0,1.0,1.0,1.0,0.0,"1-year cliff, 3-year linear vesting for team and investors.",
3957,LEO,UNUS_SED_LEO,8.976624229044463,8285802078.390419,923042099.9,985239504.0,,0x2af5d2ad76741191d15dfe7bf6ac92d4bd912ca3,0,1,0,0,Utility token offering fee discounts on Bitfinex platform.,,0.0,1.0,0.0,0.0,0.0,0.0,0.0,0.0,0.0,0.0,0.0,"Centralized governance by iFinex, no on-chain voting.",,0.0,0.0,1.0,0.0,0.0,0.0,0.0,1.0,0.0,0.0,0.0,LEO tokens sold via private sale and IEO to raise $1 billion.,Details on private sale participants are limited.,1.0,0.0,0.0,0.0,0.0,0.0,0.0,0.0,0.0,0.0,0.0,1.0,Fixed supply with continuous buyback and burn mechanism reducing total supply over time.,Unique burn mechanism doesn't fit standard categories.,0.0,0.0,0.0,0.0,1.0,1.0,Provides trading fee discounts and benefits on Bitfinex platform.,,0.0,0.0,1.0,0.0,0.0,0.0,0.0,0.0,0.0,0.0,0.0,Bitfinex uses 27% of revenues to buy and burn LEO tokens monthly.,,1.0,0.0,0.0,0.0,0.0,0.0,0.0,0.0,0.0,0.0,0.0,Audited token with deflationary burn mechanism; lacks decentralized governance.,"No information on bug bounties, multi-signature wallets, or KYC/AML compliance.",0.0,0.0,0.0,0.0,0.0,0.0,0.0,0.0,0.0,0.0,1.0,No vesting; tokens sold in private sale.,
5994,SHIB,Shiba_Inu,1.2294474038491343e-05,7244472277.256346,589246213752249.0,589500993074106.1,589552695333683.0,0x95ad61b0a150d79219dcf64e1e6cc01f0b64c4ce,1,1,0,0,A meme-inspired token used for payments and ecosystem participation.,,1.0,1.0,1.0,1.0,0.0,0.0,1.0,1.0,0.0,1.0,0.0,Shiba Inu employs a multi-layered governance model with on-chain and off-chain mechanisms.,,0.0,0.0,0.0,0.0,0.0,0.0,1.0,0.0,1.0,0.0,1.0,50% locked in Uniswap; 50% sent to Vitalik Buterin; community incentives via staking.,Unconventional distribution; 50% sent to Vitalik Buterin.,1.0,0.0,0.0,0.0,0.0,0.0,0.0,0.0,0.0,0.0,0.0,1.0,Initial supply of 1 quadrillion; significant burns reduce circulating supply.,Burn mechanisms and their impact on supply are not fully detailed.,1.0,1.0,1.0,0.0,1.0,0.0,"Offers staking, liquidity mining, governance participation, and user rewards.",,1.0,0.0,1.0,0.0,0.0,0.0,0.0,0.0,0.0,0.0,0.0,SHIB has a fixed supply with deflationary burns reducing circulating tokens.,,0.0,0.0,0.0,0.0,1.0,0.0,0.0,0.0,0.0,0.0,0.0,Community-driven project with decentralized governance through ShibaSwap.,"No public information on audits, bug bounties, or other security measures.",1.0,0.0,0.0,0.0,0.0,0.0,1.0,0.0,0.0,0.0,1.0,"Initial supply split: 50% to Uniswap, 50% to Vitalik Buterin.",No traditional vesting; unique initial distribution strategy.
7083,UNI,Uniswap,9.3629091636011,5886833978.653119,628739836.71,1000000000.0,,0x1f9840a85d5af5bf1d1762f925bdaddc4201f984,0,1,0,0,A governance token granting voting rights in Uniswap protocol.,,1.0,1.0,1.0,1.0,0.0,0.0,0.0,1.0,1.0,1.0,0.0,Uniswap employs on-chain and off-chain governance with delegated voting and time-locked proposals.,,1.0,0.0,0.0,0.0,0.0,0.0,0.0,0.0,1.0,0.0,0.0,UNI distributed via airdrops and community incentives.,,1.0,0.0,0.0,1.0,0.0,0.0,0.0,0.0,0.0,1.0,0.0,0.0,1 billion UNI tokens with staged vesting and DAO governance.,,0.0,1.0,1.0,1.0,0.0,0.0,"UNI offers liquidity mining, governance participation, and yield farming opportunities.",,0.0,1.0,0.0,0.0,0.0,0.0,0.0,1.0,0.0,0.0,0.0,UNI has a 2% annual inflation rate post-initial distribution.,,1.0,1.0,0.0,0.0,1.0,0.0,0.0,1.0,0.0,0.0,0.0,"Uniswap employs audits, bug bounties, decentralized governance, and oracle security measures.",,1.0,1.0,0.0,0.0,0.0,0.0,1.0,1.0,1.0,1.0,0.0,"4-year linear vesting with cliff periods for team, investors, advisors.",Some allocations' exact vesting schedules are not publicly disclosed.
4943,DAI,Dai,0.9997740409327334,5364170345.79385,5365382702.664872,5365382702.664872,,0x6b175474e89094c44da98b954eedeac495271d0f,1,0,0,0,A decentralized stablecoin pegged to the US Dollar.,,1.0,1.0,1.0,0.0,0.0,0.0,0.0,1.0,1.0,0.0,0.0,MakerDAO uses on-chain and off-chain governance with proposal voting and time-locked changes.,,0.0,0.0,0.0,0.0,0.0,0.0,0.0,0.0,0.0,0.0,1.0,DAI is generated by users depositing collateral into Maker Vaults.,DAI's distribution doesn't fit standard categories; it's user-generated via collateral deposits.,0.0,0.0,0.0,0.0,0.0,0.0,0.0,1.0,0.0,1.0,0.0,0.0,Dai is minted/burned 1:1 against collateral deposits/repayments; governed by MakerDAO.,,1.0,0.0,0.0,0.0,1.0,0.0,Dai offers staking rewards via the Dai Savings Rate and user rewards in gaming.,,0.0,0.0,0.0,0.0,1.0,0.0,0.0,0.0,0.0,1.0,0.0,DAI's supply adjusts via CDPs; MakerDAO governs DSR and Stability Fees.,,1.0,0.0,0.0,0.0,1.0,1.0,0.0,1.0,0.0,0.0,0.0,"Dai employs audits, decentralized governance, circuit breakers, and secure oracles for stability.","No information found on bug bounty programs, multi-signature wallets, insurance funds, token vesting, slashing mechanisms, or KYC/AML compliance.",0.0,0.0,0.0,0.0,0.0,0.0,0.0,0.0,0.0,0.0,1.0,DAI is minted and burned dynamically; no vesting mechanisms apply.,
11092,BGB,Bitget_Token,4.31470544560534,4918729845.584408,1139992035.9787908,1139992036.1,1139992036.1,0x54D2252757e1672EEaD234D27B1270728fF90581,0,1,0,0,"Provides fee discounts, VIP privileges, and access to token farming.",,0.0,1.0,0.0,0.0,0.0,0.0,0.0,1.0,0.0,0.0,0.0,BGB holders vote off-chain on platform decisions and project listings.,,1.0,0.0,0.0,0.0,0.0,0.0,0.0,0.0,1.0,0.0,1.0,"BGB distributed via airdrops, community incentives, and BFT token swaps.","No evidence of ICO, IEO, or direct sales found.",1.0,0.0,0.0,0.0,0.0,0.0,0.0,0.0,0.0,0.0,0.0,1.0,"Initial supply of 2B BGB, reduced to 1.2B via burns.",Quarterly buyback and burn mechanism not clearly fitting predefined categories.,1.0,1.0,0.0,0.0,1.0,1.0,"BGB offers staking, liquidity mining, user rewards, and fee discounts.",,1.0,0.0,1.0,0.0,0.0,0.0,0.0,0.0,0.0,0.0,0.0,BGB has a fixed supply with quarterly buyback and burn programs.,,0.0,0.0,0.0,1.0,0.0,0.0,1.0,0.0,0.0,0.0,0.0,BGB employs token burns and maintains a $600M Protection Fund.,"No public information on audits, bug bounties, or governance mechanisms.",1.0,1.0,0.0,0.0,0.0,0.0,1.0,1.0,0.0,1.0,0.0,BGB employs cliff and linear vesting for team and community allocations.,
24478,PEPE,Pepe,1.0433654830704204e-05,4389333203.748662,420689899653543.6,420689899653543.6,420690000000000.0,0x6982508145454ce325ddbe47a25d4ec3d2311933,0,0,0,1,A meme-based ERC-20 token with no intrinsic value or utility.,,0.0,0.0,0.0,0.0,0.0,0.0,0.0,0.0,0.0,0.0,0.0,No formal governance; contract ownership renounced; community influence via social media.,Lack of formal governance structures; community influence is informal.,0.0,0.0,0.0,0.0,0.0,0.0,1.0,0.0,0.0,0.0,0.0,93.1% tokens added to Uniswap liquidity pool; LP tokens burned.,"No ICO, airdrops, or presales conducted.",1.0,0.0,0.0,0.0,0.0,0.0,0.0,0.0,0.0,0.0,0.0,0.0,"Fixed supply of 420.69 trillion tokens, all minted at launch.",No additional tokens will be minted; supply is capped.,0.0,0.0,0.0,0.0,1.0,1.0,Redistribution system rewards holders; burning mechanism reduces supply.,,1.0,0.0,1.0,0.0,0.0,0.0,0.0,0.0,1.0,0.0,0.0,Fixed supply with periodic burns; traded on AMMs like Uniswap.,,1.0,0.0,0.0,0.0,0.0,0.0,0.0,0.0,0.0,0.0,0.0,"Audited token with no presale, zero taxes, LP burned, and contract renounced.","No information found on bug bounty programs, multi-signature wallets, or other security mechanisms.",1.0,0.0,0.0,0.0,0.0,0.0,0.0,0.0,0.0,0.0,0.0,Cliff vesting used for initial liquidity allocations.,No detailed vesting information available for team or investors.
7278,AAVE,Aave,262.79739027722366,3996909813.14693,15209092.48349312,16000000.0,,0x7Fc66500c84A76Ad7e9c93437bFc5Ac33E2DDaE9,0,1,0,0,A governance token enabling protocol decision-making and staking rewards.,,1.0,1.0,1.0,1.0,0.0,1.0,0.0,1.0,1.0,1.0,0.0,Aave employs on-chain and off-chain governance with delegated voting and multi-signature control.,,1.0,1.0,0.0,0.0,0.0,0.0,0.0,0.0,1.0,0.0,0.0,"AAVE distributed via ICO, airdrops, and community incentives.","No evidence of IEO, STO, IDO, LBP, fair launch, direct sale, or bounty programs.",1.0,0.0,0.0,1.0,0.0,0.0,0.0,0.0,1.0,1.0,0.0,0.0,16M cap; 13M to LEND holders; 3M to Ecosystem Reserve; staking rewards.,Potential Recovery Issuance in Shortfall Events.,1.0,1.0,1.0,0.0,1.0,0.0,"AAVE offers staking rewards, liquidity mining, governance rights, and user activity incentives.",,1.0,0.0,1.0,0.0,0.0,0.0,0.0,1.0,0.0,1.0,0.0,AAVE has a fixed supply with deflationary buybacks and governance-controlled pricing.,,1.0,1.0,1.0,1.0,1.0,0.0,0.0,1.0,1.0,0.0,0.0,"Aave employs multiple security measures including audits, bug bounties, and decentralized governance.",,1.0,1.0,0.0,0.0,0.0,0.0,1.0,1.0,1.0,1.0,0.0,"Aave employs cliff and linear vesting for team, investors, and community incentives.",
30171,ENA,Ethena,0.6140129376384921,3901860339.649605,6354687500.0,15000000000.0,15000000000.0,0x57e114B691Db790C35207b2e685D4A43181e6061,0,1,0,0,ENA is primarily a governance token for Ethena protocol.,,0.0,1.0,1.0,1.0,0.0,1.0,1.0,1.0,0.0,1.0,0.0,"Governance via DAO, delegated voting, committees, and multi-signature control.",,1.0,0.0,0.0,0.0,0.0,0.0,0.0,1.0,1.0,0.0,0.0,"ENA distributed via airdrops, direct sales to investors, and community incentives.",,1.0,0.0,1.0,1.0,0.0,0.0,0.0,0.0,0.0,1.0,0.0,0.0,15B cap; linear vesting; DAO-controlled emissions.,None,1.0,1.0,1.0,1.0,1.0,0.0,"ENA offers staking, liquidity mining, governance, yield farming, and user activity rewards.",,1.0,0.0,0.0,0.0,0.0,0.0,0.0,1.0,0.0,1.0,0.0,ENA has a fixed supply with vesting schedules and DAO governance.,,1.0,1.0,1.0,1.0,1.0,1.0,0.0,1.0,0.0,0.0,0.0,"Comprehensive audits, multi-sig wallets, circuit breakers, and decentralized governance enhance security.",,1.0,1.0,0.0,0.0,1.0,0.0,1.0,1.0,1.0,1.0,0.0,"1-year cliff, 3-year linear vesting for team and investors.",
21159,ONDO,Ondo,0.92546527638573,2923644322.4582253,3159107529.0,10000000000.0,,0xfaba6f8e4a5e8ab82f62fe7c39859fa577269be3,0,1,1,0,Utility token for governance; investment token representing tokenized assets.,,1.0,1.0,1.0,1.0,0.0,1.0,1.0,1.0,1.0,0.0,0.0,"ONDO token holders govern via on-chain proposals, delegation, and elected committees.",,1.0,1.0,0.0,0.0,0.0,0.0,0.0,1.0,1.0,0.0,0.0,"ONDO distributed via airdrops, ICO, direct sales, and community incentives.","No evidence of IEO, STO, IDO, LBP, fair launch, or bounty programs.",1.0,0.0,1.0,1.0,0.0,0.0,0.0,0.0,0.0,1.0,0.0,0.0,Fixed supply with linear vesting and DAO-controlled emissions.,,0.0,0.0,1.0,0.0,1.0,0.0,Governance participation and user rewards through Ondo Points program.,,1.0,0.0,1.0,0.0,0.0,0.0,0.0,1.0,0.0,1.0,0.0,ONDO has a fixed supply with vesting schedules and DAO-controlled pricing.,,1.0,1.0,0.0,0.0,0.0,0.0,1.0,0.0,0.0,1.0,0.0,"Audited smart contracts, active bug bounty, token lockups, and KYC/AML compliance.","No information found on multi-signature wallets, insurance funds, or decentralized governance.",1.0,1.0,0.0,0.0,1.0,0.0,1.0,1.0,1.0,0.0,0.0,Cliff periods followed by linear vesting for team and investors.,
3897,OKB,OKB,46.30781563156583,2778468937.89395,60000000.0,300000000.0,,0x75231f58b43240c9718dd58b4967c5114342a86c,0,1,0,0,"Utility token for OKX exchange, offering fee discounts and staking rewards.",,0.0,1.0,0.0,0.0,0.0,0.0,0.0,0.0,0.0,0.0,0.0,"Centralized governance by OKX, limited token-holder participation.",,1.0,0.0,0.0,0.0,0.0,0.0,0.0,1.0,1.0,0.0,0.0,"OKB distributed via airdrops, direct sales, and community incentives.",No ICO conducted; distribution details from authoritative sources.,1.0,0.0,0.0,0.0,0.0,0.0,0.0,0.0,0.0,0.0,0.0,1.0,Fixed supply of 300M; periodic buy-back and burn reduces circulating supply.,Buy-back and burn mechanism doesn't fit standard categories.,1.0,0.0,1.0,0.0,1.0,1.0,"OKB offers staking rewards, governance rights, trading fee discounts, and exclusive access to token sales.",,1.0,0.0,1.0,0.0,0.0,0.0,0.0,0.0,0.0,0.0,0.0,OKB has a fixed supply of 300M tokens with quarterly buyback-and-burn programs.,,0.0,0.0,1.0,0.0,0.0,0.0,0.0,0.0,0.0,1.0,0.0,OKB employs multi-signature wallets and KYC/AML compliance measures.,No public audits or bug bounty programs found; limited information available.,1.0,0.0,0.0,0.0,0.0,0.0,0.0,0.0,0.0,1.0,0.0,OKB used cliff vesting for community building allocations.,
27075,MNT,Mantle,0.7270766045770779,2447190351.577612,3365794382.836841,6219316794.99,6219316795.0,0x3c3a81e81dc49a522a592e7622a7e711c06bf354,1,1,0,0,MNT serves as gas and governance token on Mantle Network.,,0.0,1.0,1.0,1.0,0.0,1.0,0.0,1.0,0.0,1.0,0.0,"Off-chain governance with DAO, delegated voting, and multi-signature treasury control.",,1.0,1.0,0.0,0.0,0.0,0.0,0.0,0.0,1.0,0.0,0.0,"MNT distributed via ICO, airdrops, and community incentives.",Specific details on ICO and airdrop dates and amounts are unclear.,1.0,0.0,0.0,1.0,0.0,0.0,0.0,0.0,0.0,1.0,0.0,0.0,Capped supply with treasury-controlled staged releases via governance.,No scheduled unlocks; future releases require governance approval.,1.0,1.0,1.0,0.0,1.0,0.0,"MNT offers staking rewards, liquidity mining, governance rights, and user activity rewards.",,1.0,0.0,1.0,0.0,0.0,0.0,0.0,1.0,0.0,1.0,0.0,MNT has a fixed supply with DAO-controlled treasury distributions and vesting schedules.,,0.0,0.0,0.0,0.0,1.0,0.0,0.0,0.0,0.0,0.0,0.0,Governance decisions are made by $MNT token holders.,No information found on other security mechanisms.,1.0,0.0,0.0,0.0,0.0,0.0,1.0,0.0,0.0,0.0,0.0,Mantle used cliff vesting; all tokens are now fully unlocked.,
36148,USD1,World_Liberty_Financial_USD,0.9994656243563592,2166256817.63221,2167415031.434669,2167415031.434669,,0x8d0D000Ee44948FC98c9B98A4FA4921476f08B0d,1,0,0,0,A stablecoin pegged 1:1 to the US Dollar.,,1.0,1.0,0.0,0.0,0.0,0.0,0.0,1.0,0.0,0.0,0.0,Governance via WLFI token holders; not a DAO; non-transferable tokens.,WLFI tokens are non-transferable; governance structure may evolve.,1.0,0.0,0.0,0.0,0.0,0.0,0.0,1.0,1.0,0.0,0.0,"USD1 distributed via airdrops, direct sales, and community incentives.","No information on ICO, IEO, STO, IDO, LBP, fair launch, or bounty programs.",0.0,0.0,0.0,0.0,0.0,0.0,0.0,1.0,0.0,0.0,0.0,0.0,Mint/burn 1:1 with USD deposits and redemptions.,,0.0,0.0,0.0,0.0,0.0,1.0,"Stablecoin pegged to USD, backed by U.S. Treasuries.",,0.0,0.0,0.0,0.0,1.0,0.0,0.0,0.0,0.0,0.0,0.0,USD1 mints/burns tokens based on USD reserves and redemptions.,,1.0,0.0,0.0,0.0,1.0,0.0,0.0,1.0,0.0,1.0,0.0,USD1 is a fully collateralized stablecoin with decentralized governance and KYC compliance.,Specifics on audits and multi-signature wallets are not detailed in available sources.,1.0,1.0,0.0,0.0,0.0,0.0,1.0,1.0,1.0,0.0,0.0,Team tokens locked; early investors have linear vesting post-cliff.,
23095,BONK,Bonk,2.661911557084352e-05,2145358445.7921531,80594655373975.31,88295385003064.11,88872433754423.19,0x1151CB3d861920e07a38e03eEAd12C32178567F6,1,1,0,0,A Solana-based meme coin used for payments and DeFi applications.,,1.0,1.0,1.0,0.0,0.0,0.0,1.0,1.0,0.0,1.0,0.0,Bonk employs DAO governance with on-chain and off-chain mechanisms.,,1.0,0.0,0.0,0.0,0.0,0.0,0.0,0.0,1.0,0.0,0.0,"50% airdropped to Solana community; allocations to NFT projects, DeFi users, artists, developers.","No public or private sales; no ICO, IEO, or IDO conducted.",1.0,0.0,1.0,1.0,0.0,0.0,0.0,0.0,0.0,1.0,0.0,0.0,Fixed supply with linear vesting; DAO controls emissions and burns.,No uncertainty; information sourced from official tokenomics.,1.0,1.0,1.0,0.0,1.0,1.0,"Offers staking, liquidity mining, governance, user rewards, and token burns.",,1.0,0.0,1.0,0.0,0.0,0.0,0.0,1.0,1.0,0.0,0.0,"BONK has a fixed supply with token burns, vesting schedules, and AMM-based pricing.",,0.0,0.0,0.0,0.0,0.0,0.0,0.0,0.0,0.0,0.0,0.0,No documented risk and security mechanisms found.,Lack of publicly available information on security measures.,0.0,1.0,0.0,0.0,0.0,0.0,1.0,1.0,0.0,1.0,0.0,3-year linear vesting for early contributors; immediate release for community.,
28321,POL,POL_(prev._MATIC),0.202205514381487,2117919458.0578184,10474093471.368378,10474093471.368378,,0x455e53cbb86018ac2b8092fdcd39d8444affc3f6,0,1,0,0,"Used for staking, governance, and network security in Polygon ecosystem.",,1.0,1.0,1.0,1.0,0.0,0.0,1.0,1.0,0.0,1.0,0.0,Polygon employs on-chain and off-chain governance with DAO elements and delegated voting.,No evidence of quadratic voting or time-locked governance mechanisms.,0.0,1.0,1.0,0.0,0.0,0.0,0.0,0.0,1.0,0.0,1.0,"POL distributed via ICO, IEO, community incentives, and token migration.",Token migration from MATIC to POL; specific distribution details may vary.,0.0,0.0,0.0,0.0,1.0,0.0,0.0,0.0,0.0,1.0,0.0,0.0,"2% annual emission: 1% to validators, 1% to Community Treasury.",Emission rate adjustable via governance after 10 years.,1.0,1.0,1.0,0.0,1.0,0.0,"POL offers staking rewards, liquidity mining, governance rights, and user activity rewards.",,0.0,1.0,0.0,0.0,0.0,0.0,0.0,0.0,0.0,0.0,0.0,POL has an initial supply of 10B tokens with a 1% annual emission rate.,,1.0,1.0,1.0,0.0,1.0,1.0,0.0,0.0,1.0,0.0,0.0,"Comprehensive audits, bug bounties, multi-sig wallets, decentralized governance, rate limiting, and slashing mechanisms.","No information found on insurance funds, token vesting, oracle security, or KYC/AML compliance.",0.0,1.0,0.0,0.0,0.0,0.0,1.0,0.0,0.0,1.0,0.0,Linear vesting for validator rewards and community treasury allocations.,Specific vesting details for team and investors not found.
4269,GT,GateToken,16.794243240778183,2064190311.739072,122910588.0,133600000.0,300000000.0,0xe66747a101bff2dba3697199dcce5b743b454759,1,1,0,0,"Native token of Gate.io; used for fees, staking, and governance.",,1.0,0.0,1.0,1.0,0.0,1.0,0.0,1.0,0.0,0.0,0.0,GT holders vote on proposals; supports delegated voting and multi-signature control.,,1.0,0.0,1.0,0.0,0.0,0.0,0.0,0.0,1.0,0.0,0.0,"GT was distributed via IEO, airdrops, and community incentives.",No information found on direct sales or bounty programs.,1.0,0.0,0.0,0.0,0.0,0.0,0.0,0.0,1.0,0.0,0.0,0.0,Fixed supply with staking rewards; deflationary via token burns.,None,0.0,0.0,0.0,0.0,0.0,1.0,Used to pay gas fees on GateChain network.,No information on other incentive mechanisms found.,1.0,0.0,1.0,0.0,0.0,0.0,0.0,1.0,0.0,0.0,0.0,GT has a fixed supply with burning and staged releases.,,0.0,0.0,0.0,0.0,0.0,0.0,0.0,0.0,0.0,0.0,0.0,No specific risk and security mechanisms identified.,Lack of publicly available information on GT's security measures.,1.0,1.0,0.0,0.0,1.0,0.0,1.0,1.0,0.0,1.0,0.0,"1-year cliff, then 0.833% monthly over 119 months.",
5690,RENDER,Render,3.5539158267704187,1841386032.6541984,518128769.0562826,532888942.3362826,644168762.0,0x6de037ef9ad2725eb40118bb1702ebb27e4aeb24,0,1,0,0,Facilitates decentralized GPU rendering services and network governance.,,0.0,1.0,0.0,0.0,0.0,0.0,1.0,1.0,0.0,0.0,0.0,Governance led by Render Foundation with community proposals and voting.,No evidence of on-chain or DAO governance mechanisms.,0.0,1.0,0.0,0.0,0.0,0.0,0.0,1.0,1.0,0.0,0.0,"RNDR distributed via ICO, direct sales, and community incentives.",Specific details on distribution mechanisms are limited.,0.0,0.0,0.0,1.0,1.0,0.0,0.0,1.0,0.0,1.0,0.0,0.0,"BME model with emissions, burns, and governance-controlled allocations.",Specific emission schedules and mechanisms may evolve with governance decisions.,1.0,1.0,1.0,0.0,1.0,0.0,"RNDR offers staking, liquidity mining, governance, and user rewards.",,1.0,0.0,1.0,0.0,0.0,0.0,0.0,0.0,0.0,0.0,0.0,Fixed supply with deflationary burns per rendering work completed.,,1.0,0.0,0.0,0.0,0.0,0.0,0.0,0.0,0.0,0.0,0.0,Smart contract audited; other security measures not specified.,Limited public information on additional security mechanisms.,1.0,0.0,0.0,0.0,0.0,0.0,0.0,0.0,0.0,0.0,0.0,Render employs cliff vesting; tokens unlock after set periods.,Specifics on vesting schedules and allocations are not detailed.
13502,WLD,Worldcoin,0.9808983703983284,1795131555.040786,1830089241.8771267,10000000000.0,,0x163f8c2467924be0ae7b5347228cabf260318753,1,1,0,0,A digital currency for payments and access within the Worldcoin ecosystem.,,0.0,1.0,0.0,0.0,0.0,1.0,1.0,0.0,0.0,0.0,0.0,Governed by World Foundation's board using multi-signature wallet.,Future governance mechanisms under development; details not yet finalized.,1.0,0.0,0.0,0.0,0.0,0.0,0.0,0.0,1.0,0.0,0.0,WLD tokens distributed via user grants and community incentives.,"No ICO, IEO, or direct sales identified.",1.0,0.0,0.0,1.0,1.0,0.0,0.0,0.0,0.0,1.0,0.0,0.0,"Initial 10B cap; 15-year vesting; post-15 years, up to 1.5% annual inflation.",Governance may adjust inflation rate after 15 years.,0.0,0.0,1.0,0.0,1.0,0.0,WLD tokens grant governance rights and are rewarded for identity verification.,,1.0,1.0,0.0,0.0,0.0,0.0,0.0,1.0,0.0,1.0,0.0,"WLD has a 10B cap, 15-year vesting, and governance-controlled inflation.",,1.0,0.0,0.0,0.0,1.0,0.0,1.0,0.0,0.0,1.0,0.0,"Audited smart contracts, decentralized governance, token vesting, and KYC compliance.","No information found on bug bounty programs, multi-signature wallets, insurance funds, rate limiting, oracle security, or slashing mechanisms.",1.0,1.0,0.0,0.0,0.0,0.0,1.0,1.0,1.0,1.0,0.0,"Cliff and linear vesting for team, investors; community tokens unlock over time.",
33038,SKY,Sky,0.0794539643601927,1687955379.2820947,21244445042.792336,23462665147.365967,,0x56072C95FAA701256059aa122697B133aDEd9279,0,1,0,1,"ERC-20 token on Ethereum, governance token",,1.0,1.0,1.0,1.0,0.0,0.0,0.0,1.0,0.0,1.0,0.0,"SKY token holders govern via on-chain votes, delegation, and treasury decisions.",,1.0,1.0,0.0,0.0,0.0,0.0,0.0,0.0,0.0,0.0,0.0,SKY distributed via public sale and airdrops.,Details on distribution methods are limited.,1.0,0.0,0.0,1.0,0.0,0.0,0.0,0.0,1.0,1.0,0.0,0.0,100M cap; team tokens vest over 1 year; staking rewards; DAO governance.,Multiple tokens named SKY; details pertain to Sky Protocol's SKY token.,1.0,0.0,1.0,0.0,1.0,0.0,Staking rewards in USDS; governance voting rights; USDS rewards for user activities.,,1.0,0.0,0.0,0.0,0.0,0.0,0.0,1.0,0.0,1.0,0.0,Fixed supply with vesting schedules and DAO governance.,,1.0,0.0,1.0,1.0,1.0,1.0,1.0,1.0,0.0,0.0,0.0,"Comprehensive security measures including audits, governance, and risk management.",,1.0,1.0,0.0,0.0,0.0,0.0,1.0,1.0,0.0,0.0,0.0,"6-month cliff, 1-year linear vesting for team.",No details on investor or community vesting.
28081,SPX,SPX6900,1.6445362204024412,1531051857.5645075,930993090.07,930993090.07,1000000000.0,0xe0f63a424a4439cbe457d80e4f4b51ad25b2c56c,0,0,0,1,An Ethereum-based memecoin designed for entertainment and satire.,,1.0,0.0,1.0,0.0,0.0,0.0,0.0,1.0,0.0,0.0,0.0,Community-driven governance with on-chain proposals and voting.,,0.0,0.0,1.0,0.0,0.0,0.0,1.0,0.0,1.0,0.0,0.0,"SPX6900 distributed via IEOs, fair launch, and community incentives.",Limited details on specific distribution mechanisms.,1.0,0.0,0.0,0.0,0.0,0.0,0.0,0.0,0.0,0.0,0.0,1.0,Deflationary model with token burns reducing total supply over time.,Specific burn mechanisms and schedules are not publicly detailed.,0.0,0.0,0.0,0.0,0.0,1.0,Memecoin with no formal incentive mechanisms.,No official sources detailing incentive mechanisms.,1.0,0.0,0.0,0.0,0.0,0.0,0.0,0.0,1.0,0.0,0.0,SPX6900 has a fixed supply of 1 billion tokens; traded on DEXs using AMM pricing.,No official statement on advanced economic mechanisms like deflation or token burns.,1.0,0.0,0.0,0.0,0.0,0.0,0.0,0.0,0.0,0.0,0.0,Audited ERC-20 memecoin with locked liquidity; lacks governance and compliance measures.,"No information on bug bounties, multi-signature wallets, or insurance funds.",0.0,0.0,0.0,0.0,0.0,0.0,0.0,0.0,0.0,0.0,0.0,No formal vesting or cliff mechanisms; immediate liquidity upon issuance.,Lack of detailed tokenomics documentation limits comprehensive analysis.
26081,FDUSD,First_Digital_USD,0.9979194434005288,1449444014.5783076,1452465952.200666,1452465952.200666,,0xc5f0f7b66764F6ec8C8Dff7BA683102295E16409,1,0,0,0,A stablecoin pegged 1:1 to the US Dollar.,,0.0,1.0,0.0,0.0,0.0,0.0,0.0,0.0,0.0,0.0,0.0,"Centralized governance by First Digital Limited, no on-chain voting.",,1.0,0.0,0.0,0.0,0.0,0.0,0.0,1.0,0.0,0.0,0.0,FDUSD distributed via airdrops and direct sales to institutional clients.,Retail distribution methods not specified.,0.0,0.0,0.0,0.0,0.0,0.0,0.0,1.0,0.0,0.0,0.0,0.0,Mint/burn 1:1 with USD deposits and redemptions.,,1.0,0.0,0.0,0.0,1.0,0.0,FDUSD offers staking rewards and airdrops for user engagement.,,0.0,0.0,0.0,0.0,1.0,0.0,0.0,0.0,0.0,0.0,0.0,FDUSD mints/burns tokens to maintain 1:1 USD peg.,,1.0,0.0,0.0,0.0,0.0,0.0,0.0,0.0,0.0,1.0,0.0,Audited stablecoin with regulatory compliance but limited information on other security measures.,Lack of public information on multi-signature wallets and insurance funds.,0.0,0.0,0.0,0.0,0.0,0.0,0.0,0.0,0.0,0.0,1.0,No vesting mechanisms for centralized stablecoin.,
3155,QNT,Quant,110.77888221195477,1337404420.8777902,12072738.0,14881364.0,14881364.0,0x4a220e6096b25eadb88358cb44068a3248254675,0,1,0,0,Used to pay for network resources and licensing fees.,,0.0,1.0,0.0,0.0,0.0,0.0,0.0,0.0,0.0,0.0,0.0,"Centralized governance by Quant Network's core team, no on-chain voting.",,0.0,1.0,0.0,0.0,0.0,0.0,0.0,0.0,0.0,0.0,0.0,QNT distributed via 2018 ICO; 9.4M unsold tokens burned.,"No evidence of airdrops, bounties, or other distribution methods.",1.0,0.0,0.0,0.0,0.0,0.0,0.0,0.0,0.0,0.0,0.0,0.0,"Fixed total supply of 14,612,493 tokens; no additional minting.",,1.0,0.0,1.0,0.0,0.0,0.0,QNT tokens are used for staking and governance within the Quant Network.,,1.0,0.0,1.0,0.0,0.0,0.0,0.0,0.0,0.0,0.0,0.0,"QNT has a fixed supply of 14.6M tokens; licenses lock tokens, reducing circulation.",,1.0,0.0,0.0,0.0,0.0,0.0,0.0,0.0,0.0,0.0,0.0,Quant's smart contracts are audited for security and compliance.,No information found on other security mechanisms.,0.0,0.0,0.0,0.0,0.0,0.0,0.0,0.0,0.0,0.0,1.0,No vesting mechanisms; tokens locked for licenses.,No vesting schedules found in available sources.
2087,KCS,KuCoin_Token,10.474838749954571,1334724209.087463,127421933.73556717,142421933.73556715,200000000.0,0xf34960d9d60be18cc1d5afc1a6f012a723a28811,1,1,0,0,KCS is used for payments and offers utility within KuCoin's ecosystem.,,1.0,1.0,1.0,0.0,0.0,0.0,1.0,1.0,0.0,0.0,0.0,KCS holders participate in governance via GoDAO and KCS Management Foundation.,,0.0,1.0,0.0,0.0,0.0,0.0,0.0,0.0,1.0,0.0,0.0,KCS was distributed via ICO; holders receive daily bonuses from trading fees.,No information found on airdrops or bounty programs.,1.0,0.0,0.0,1.0,0.0,0.0,0.0,0.0,0.0,1.0,0.0,0.0,"Initial 200M KCS, reducing to 100M via burns; vesting schedules for team and investors.","No evidence of halvening, linear emission, or mint/burn-on-demand mechanisms.",1.0,1.0,1.0,1.0,1.0,1.0,"KCS offers staking rewards, liquidity mining, governance rights, yield farming, user rewards, and fee discounts.",,0.0,0.0,1.0,0.0,0.0,0.0,0.0,1.0,0.0,0.0,0.0,KCS employs monthly buybacks and burns; tokens are released over 5 years.,,0.0,0.0,0.0,1.0,1.0,0.0,1.0,0.0,0.0,0.0,0.0,"KCS employs insurance funds, decentralized governance, and token lockups for security.","No public information on audits, bug bounties, or KYC/AML compliance.",0.0,1.0,0.0,0.0,0.0,0.0,1.0,1.0,1.0,1.0,0.0,"Linear vesting over 5 years for team, investors, and community incentives.",
7226,INJ,Injective,13.159746829739175,1315592200.3278074,99970935.41,100000000.0,,0xe28b3b32b6c345a34ff64674606124dd5aceca30,1,1,0,0,"INJ is used for governance, staking, and as a medium of exchange.",,1.0,1.0,1.0,1.0,0.0,0.0,0.0,1.0,0.0,0.0,0.0,Injective employs on-chain and off-chain governance with delegated voting and proposal systems.,,0.0,0.0,1.0,0.0,0.0,0.0,0.0,1.0,1.0,0.0,0.0,"INJ distributed via Binance Launchpad IEO, private sales, and community growth initiatives.",,0.0,0.0,0.0,1.0,1.0,0.0,0.0,0.0,1.0,1.0,0.0,0.0,"INJ employs staged vesting, inflationary supply, dynamic staking, and governance-controlled emissions.",No uncertainty; information sourced from official Injective documentation.,1.0,1.0,1.0,0.0,1.0,1.0,"INJ offers staking rewards, governance rights, liquidity mining, user rewards, and deflationary mechanisms.",,0.0,1.0,1.0,1.0,1.0,0.0,1.0,1.0,0.0,1.0,0.0,"INJ employs inflationary rewards, deflationary burns, halving schedules, auctions, vesting, and governance.",,1.0,1.0,1.0,1.0,1.0,1.0,0.0,1.0,1.0,0.0,0.0,"Injective employs multiple security mechanisms including audits, bug bounties, and decentralized governance.","No information found on token vesting, lockups, or KYC/AML compliance.",1.0,1.0,0.0,0.0,1.0,0.0,1.0,1.0,1.0,1.0,0.0,"Injective employed cliff periods and linear vesting for team, investors, and community.",
6538,CRV,Curve_DAO_Token,0.913972554249111,1251524922.6065376,1369324403.4387317,2290739169.101943,3030303030.299,0xD533a949740bb3306d119CC777fa900bA034cd52,0,1,0,0,CRV is a governance token for Curve DAO.,,1.0,1.0,1.0,0.0,0.0,1.0,0.0,1.0,1.0,1.0,0.0,CRV holders lock tokens for veCRV to vote on proposals and treasury allocations.,,0.0,0.0,0.0,0.0,0.0,0.0,1.0,0.0,1.0,0.0,0.0,CRV launched with no pre-mine; tokens distributed to liquidity providers.,"No evidence of ICO, IEO, STO, IDO, LBP, or direct sale.",1.0,1.0,0.0,1.0,0.0,0.0,0.0,0.0,0.0,0.0,0.0,0.0,Fixed supply with halvening emissions and staged vesting schedules.,,1.0,1.0,1.0,0.0,0.0,0.0,"CRV offers staking rewards, liquidity mining, and governance participation.",,1.0,1.0,0.0,1.0,0.0,0.0,0.0,1.0,1.0,1.0,0.0,CRV has a capped supply with decreasing annual inflation and vesting schedules.,,1.0,1.0,0.0,0.0,1.0,1.0,1.0,0.0,0.0,0.0,0.0,"Regular audits, bug bounties, decentralized governance, emergency DAO, token vesting.","No information on multi-signature wallets, insurance funds, oracle security, slashing mechanisms, or KYC/AML compliance.",1.0,1.0,0.0,0.0,0.0,0.0,1.0,1.0,1.0,1.0,0.0,"CRV employs cliff and linear vesting for team, investors, and community.",
10804,FLOKI,FLOKI,0.0001098169601562,1047708244.0392938,9540495771770.557,9658963264690.008,,0xcf0c122c6b73ff809c693db761e7baebe62b6a2e,1,1,0,0,A multi-utility token for payments and ecosystem services.,,0.0,1.0,1.0,0.0,0.0,1.0,1.0,1.0,0.0,0.0,0.0,Off-chain DAO governance with council proposals and multi-signature treasury control.,Limited information on community treasury voting and time-locked governance.,0.0,0.0,0.0,0.0,0.0,0.0,1.0,0.0,1.0,0.0,0.0,FLOKI launched fairly; community incentives include staking rewards and token burns.,"No evidence of ICO, IEO, or direct sales found.",1.0,0.0,0.0,0.0,0.0,0.0,0.0,0.0,1.0,1.0,0.0,0.0,Fixed supply with deflationary burns and staking rewards.,No ongoing emissions; supply decreases via burns.,1.0,0.0,1.0,0.0,0.0,1.0,Staking rewards in TOKEN; governance via Floki DAO; deflationary burns.,,1.0,0.0,1.0,0.0,0.0,0.0,0.0,0.0,0.0,0.0,0.0,FLOKI has a fixed supply with deflationary mechanisms via transaction taxes and fee burns.,,1.0,1.0,0.0,0.0,1.0,0.0,1.0,0.0,0.0,0.0,0.0,"Audited token with bug bounty, decentralized governance, and token lockups.","No information on multi-signature wallets, insurance funds, or KYC/AML compliance.",0.0,0.0,0.0,0.0,0.0,0.0,0.0,0.0,0.0,0.0,0.0,No vesting mechanisms found in available sources.,Lack of detailed information on vesting schedules.
27772,PYUSD,PayPal_USD,0.9995855990907844,1008973174.4705008,1009391467.212268,1009391467.212268,,0x6c3ea9036406852006290770bedfcaba0e23a0e8,1,0,0,0,A stablecoin fully backed by U.S. dollar deposits.,,0.0,1.0,0.0,0.0,0.0,0.0,0.0,0.0,0.0,0.0,0.0,"Centralized governance by Paxos Trust Company, no on-chain voting.",,0.0,0.0,0.0,0.0,0.0,0.0,0.0,1.0,0.0,0.0,0.0,PYUSD distributed through direct sale via PayPal platform.,No information on other distribution methods found.,0.0,0.0,0.0,0.0,0.0,0.0,0.0,1.0,0.0,0.0,0.0,0.0,Mint/burn 1:1 with fiat deposits and redemptions.,,0.0,0.0,0.0,0.0,1.0,0.0,Offers 3.7% annual reward for holding PYUSD.,,0.0,0.0,0.0,0.0,1.0,0.0,0.0,0.0,0.0,0.0,0.0,PYUSD mints/burns tokens based on USD reserves and redemptions.,,0.0,0.0,0.0,0.0,0.0,1.0,0.0,0.0,0.0,1.0,0.0,Centralized stablecoin with regulatory compliance and asset protection mechanisms.,No public information on audits or bug bounty programs.,0.0,0.0,0.0,0.0,0.0,0.0,0.0,0.0,0.0,0.0,1.0,No vesting mechanisms for centralized stablecoin.,
6719,GRT,The_Graph,0.0921163959739658,959650268.391853,10417800851.252058,11317845701.585182,,0xc944e90c64b2c07662a292be6244bdf05cda44a7,0,1,0,0,"GRT is used for staking, governance, and incentives in The Graph Network.",,0.0,1.0,1.0,1.0,0.0,1.0,1.0,1.0,0.0,1.0,0.0,"Governance by The Graph Council, community proposals, and delegated voting.",,0.0,1.0,0.0,0.0,0.0,0.0,0.0,1.0,1.0,1.0,0.0,"GRT distributed via ICO, direct sales, community incentives, and bounty programs.",Specific details on distribution mechanisms are limited.,0.0,0.0,0.0,1.0,1.0,0.0,0.0,0.0,0.0,1.0,0.0,0.0,"Initial 10B GRT, ~3% annual issuance, ~1% annual burn, governance-controlled.",None.,1.0,0.0,0.0,0.0,1.0,0.0,GRT rewards for staking and user activities like indexing and curating.,,0.0,1.0,1.0,0.0,0.0,0.0,0.0,1.0,0.0,0.0,0.0,"GRT has 3% annual inflation, 1% annual burn, and staged token releases.",,0.0,0.0,0.0,0.0,0.0,0.0,0.0,0.0,1.0,0.0,0.0,Indexers' GRT stakes are slashed for malicious behavior.,No information found on other security mechanisms.,1.0,1.0,0.0,0.0,1.0,0.0,1.0,1.0,1.0,1.0,0.0,"GRT employs cliff periods, linear, and hybrid vesting for team, investors, and community.",
4705,PAXG,PAX_Gold,3360.436237433614,952280585.6253132,283380.049,283380.049,,0x45804880de22913dafe09f4980848ece6ecbaf78,0,0,1,0,A digital token backed 1:1 by physical gold.,,0.0,1.0,0.0,0.0,0.0,0.0,0.0,0.0,0.0,0.0,0.0,"Centralized governance by Paxos Trust Company, no on-chain voting.",,0.0,0.0,0.0,0.0,0.0,0.0,0.0,1.0,0.0,0.0,0.0,"PAXG tokens are minted upon purchase, backed by physical gold.",No evidence of other distribution mechanisms found.,0.0,0.0,0.0,0.0,0.0,0.0,0.0,1.0,0.0,0.0,0.0,0.0,Tokens minted/burned 1:1 with physical gold deposits/redemptions.,,0.0,0.0,0.0,0.0,0.0,1.0,Tokenized gold with no staking or governance rewards.,,0.0,0.0,0.0,0.0,1.0,0.0,0.0,0.0,0.0,0.0,0.0,PAXG mints/burns tokens based on gold reserves and redemptions.,,1.0,0.0,1.0,1.0,0.0,0.0,0.0,0.0,0.0,1.0,0.0,"Regulated gold-backed token with audits, insurance, and compliance measures.",No public bug bounty program; limited details on rate limiting mechanisms.,0.0,0.0,0.0,0.0,0.0,0.0,0.0,0.0,0.0,0.0,0.0,"PAXG does not have vesting schedules or unlocks; all tokens in supply were minted because someone paid full price. There is no founder allocation or developer fund in PAXG, eliminating dilution concerns common in tokenomics of ICO projects.",
13855,ENS,Ethereum_Name_Service,26.03187679952164,952159779.8816617,36576685.85382819,100000000.0,,0xC18360217D8F7Ab5e7c516566761Ea12Ce7F9D72,0,1,0,0,A governance token for ENS protocol decisions.,,1.0,0.0,1.0,0.0,0.0,0.0,0.0,1.0,0.0,1.0,0.0,ENS DAO manages protocol via on-chain proposals and community treasury voting.,,1.0,0.0,0.0,0.0,0.0,0.0,0.0,0.0,1.0,0.0,0.0,ENS tokens distributed via airdrop and allocated to contributors and DAO treasury.,No ICO or direct sale; distribution primarily through airdrop and allocations.,1.0,0.0,1.0,1.0,1.0,0.0,0.0,0.0,0.0,1.0,0.0,0.0,100M cap; 2% annual inflation; DAO-controlled; linear vesting over 4 years.,Inflation rate adjustable by DAO governance.,0.0,0.0,1.0,0.0,0.0,0.0,ENS tokens grant voting rights for protocol decisions.,,1.0,1.0,0.0,0.0,0.0,0.0,0.0,1.0,0.0,1.0,0.0,"ENS has a fixed supply with up to 2% annual inflation, governed by DAO.",,1.0,0.0,0.0,0.0,1.0,0.0,0.0,0.0,0.0,0.0,0.0,ENS employs smart contract audits and decentralized governance for security.,No information found on bug bounty programs or other security mechanisms.,1.0,1.0,0.0,0.0,0.0,0.0,1.0,1.0,0.0,1.0,0.0,ENS tokens have cliff periods and linear vesting for contributors and treasury.,
10603,IMX,Immutable,0.5017377275670003,948737699.5912555,1890903648.389814,2000000000.0,2000000000.0,0xf57e7e7c23978c3caec3c3548e3d615c346e79ff,0,1,0,0,"IMX is used for fees, staking, and governance on Immutable X.",,1.0,0.0,0.0,0.0,0.0,0.0,0.0,1.0,0.0,0.0,0.0,IMX holders vote on proposals; voting power proportional to holdings.,No evidence of DAO structure or delegated voting mechanisms.,0.0,1.0,0.0,0.0,0.0,0.0,0.0,1.0,1.0,0.0,0.0,"IMX distributed via ICO, private sales, and community incentives.",No information found on airdrops or bounty programs.,1.0,0.0,0.0,1.0,0.0,0.0,0.0,0.0,1.0,1.0,0.0,0.0,Fixed supply of 2B tokens; vesting schedules; staking rewards; governance voting.,None,1.0,1.0,1.0,0.0,1.0,0.0,"IMX offers staking rewards, liquidity mining, governance rights, and user activity rewards.",,1.0,0.0,0.0,0.0,0.0,0.0,0.0,1.0,0.0,1.0,0.0,IMX has a fixed supply of 2 billion tokens with staged releases and governance.,,1.0,1.0,1.0,0.0,1.0,0.0,1.0,0.0,0.0,1.0,0.0,"IMX employs audits, bug bounties, multi-sig wallets, decentralized governance, vesting, and KYC/AML compliance.",,1.0,1.0,0.0,0.0,1.0,0.0,1.0,1.0,1.0,1.0,0.0,"IMX employs cliff periods, linear vesting, and hybrid methods for various allocations.",
7186,CAKE,PancakeSwap,2.58801659964849,891564239.5253283,344497110.1214816,364084938.733956,450000000.0,0x152649eA73beAb28c5b49B26eb48f7EAD6d4c898,0,1,0,0,CAKE is used for governance and incentivizing liquidity provision.,,1.0,0.0,1.0,0.0,0.0,0.0,0.0,1.0,0.0,0.0,0.0,CAKE holders vote on proposals via on-chain governance.,,1.0,0.0,0.0,0.0,0.0,0.0,1.0,0.0,1.0,0.0,0.0,"CAKE distributed via fair launch, airdrops, and community incentives.",No ICO or direct sale; distribution through farming and staking.,1.0,0.0,0.0,0.0,0.0,0.0,0.0,0.0,0.0,1.0,0.0,0.0,Hard cap of 450M CAKE; emissions managed via governance.,Emission schedule details not specified.,0.0,0.0,1.0,0.0,0.0,1.0,CAKE offers governance rights and employs a buy-back-and-burn deflationary mechanism.,Staking and liquidity mining were discontinued in 2025.,1.0,0.0,1.0,0.0,0.0,0.0,0.0,0.0,1.0,0.0,0.0,"CAKE has a 450M cap, employs burns, and uses AMM for pricing.",,1.0,1.0,1.0,0.0,1.0,0.0,0.0,0.0,0.0,0.0,1.0,"PancakeSwap employs audits, bug bounties, multi-sig wallets, and decentralized governance.","No information found on insurance funds, rate limiting, token vesting, or oracle security.",0.0,0.0,0.0,0.0,0.0,0.0,0.0,0.0,0.0,0.0,1.0,CAKE distributed via farming; IFOs have specific vesting schedules.,
2694,NEXO,Nexo,1.3162149427539842,850466809.2465187,646145839.5746847,1000000000.0,1000000000.0,0xb62132e35a6c13ee1ee0f84dc5d40bad8d815206,0,1,1,0,Provides platform benefits and profit-sharing dividends.,,0.0,1.0,0.0,0.0,0.0,0.0,0.0,1.0,0.0,0.0,0.0,Centralized governance with advisory votes by token holders.,,1.0,1.0,0.0,0.0,0.0,0.0,0.0,0.0,1.0,0.0,0.0,"NEXO distributed via ICO, airdrops, and community incentives.","No evidence of IEO, STO, IDO, LBP, fair launch, direct sale, or bounty programs.",1.0,0.0,0.0,1.0,0.0,0.0,0.0,0.0,0.0,0.0,0.0,0.0,Fixed supply of 1 billion tokens; team allocation subject to vesting.,No evidence of governance-controlled emissions or other mechanisms.,1.0,0.0,1.0,0.0,1.0,1.0,"NEXO offers staking rewards, governance rights, user rewards, and dividend payouts.",,1.0,0.0,1.0,0.0,0.0,0.0,0.0,1.0,0.0,0.0,0.0,NEXO has a fixed supply with buybacks and vesting schedules.,,0.0,0.0,1.0,1.0,0.0,0.0,0.0,0.0,0.0,1.0,0.0,"Nexo employs multi-signature wallets, insurance coverage, and strict KYC/AML compliance.",No information found on smart contract audits or bug bounty programs.,1.0,1.0,0.0,0.0,0.0,0.0,1.0,1.0,1.0,1.0,0.0,NEXO tokens have structured vesting with cliff periods for various allocations.,
8000,LDO,Lido_DAO,0.9287404027771352,832995546.2809924,896908914.256508,1000000000.0,,0x5a98fcbea516cf06857215779fd812ca3bef1b32,0,1,0,0,A governance token granting voting rights in Lido DAO.,,1.0,1.0,1.0,1.0,0.0,0.0,0.0,1.0,1.0,1.0,1.0,"Lido DAO employs dual governance with on-chain and off-chain voting, delegation, and time-locked execution.",Multi-signature control and council-based governance not explicitly mentioned in available sources.,1.0,0.0,0.0,0.0,0.0,0.0,0.0,1.0,1.0,1.0,0.0,"LDO distributed via airdrops, direct sales, community incentives, and bounty programs.",No public ICO or IEO; distribution details from official sources.,1.0,0.0,0.0,1.0,0.0,0.0,0.0,0.0,0.0,1.0,0.0,0.0,1 billion LDO minted; allocations vested over time; DAO controls treasury emissions.,No fixed emission schedule; DAO votes on treasury distributions.,0.0,1.0,1.0,0.0,1.0,0.0,"LDO offers governance rights, liquidity mining, and user rewards.",,1.0,0.0,0.0,0.0,0.0,0.0,0.0,1.0,0.0,0.0,0.0,LDO has a fixed supply with staged releases; no inflationary or deflationary mechanisms.,,1.0,1.0,1.0,0.0,1.0,1.0,0.0,1.0,0.0,0.0,0.0,"Lido employs audits, bug bounties, multisig wallets, decentralized governance, and security mechanisms.",,1.0,1.0,0.0,0.0,0.0,0.0,1.0,1.0,1.0,0.0,0.0,"1-year cliff, 1-year linear vesting for team and investors.",
5176,XAUt,Tether_Gold,3355.9072121876934,827311669.577359,246524.0,246524.0,,0x68749665FF8D2d112Fa859AA293F07A622782F38,0,0,1,0,A token representing ownership of physical gold stored in Switzerland.,,0.0,1.0,0.0,0.0,0.0,0.0,0.0,0.0,0.0,0.0,0.0,"Centralized governance by Tether Limited, no on-chain voting.",,0.0,0.0,0.0,0.0,0.0,0.0,0.0,1.0,0.0,0.0,0.0,XAU₮ tokens sold directly to investors via Tether's platform.,Minimum purchase requirement of 50 XAU₮ tokens.,0.0,0.0,0.0,0.0,0.0,0.0,0.0,1.0,0.0,0.0,0.0,0.0,Mint/burn 1:1 with physical gold deposits/redemptions.,,0.0,0.0,0.0,0.0,0.0,1.0,Gold-backed token with no native staking or governance rewards.,,1.0,0.0,0.0,0.0,1.0,0.0,0.0,0.0,0.0,0.0,0.0,XAUT tokens are minted/burned based on gold reserves and redemptions.,,1.0,0.0,1.0,0.0,0.0,0.0,0.0,0.0,0.0,1.0,0.0,"Gold-backed token with audits, multi-signature wallets, and KYC compliance.",Limited transparency and auditability of gold reserves.,0.0,0.0,0.0,0.0,0.0,0.0,0.0,0.0,0.0,0.0,1.0,No vesting mechanisms; tokens represent direct gold ownership.,
29420,VIRTUAL,Virtuals_Protocol,1.2088053761571815,792156759.1952001,655322002.0525419,1000000000.0,1000000000.0,0x44ff8620b8cA30902395A7bD3F2407e1A091BF73,1,1,0,0,$VIRTUAL is used for transactions and agent interactions within the ecosystem.,,1.0,0.0,1.0,0.0,0.0,0.0,0.0,1.0,0.0,1.0,0.0,Governance by veVIRTUAL holders via on-chain proposals and voting.,,0.0,0.0,0.0,0.0,0.0,0.0,1.0,0.0,1.0,0.0,0.0,VIRTUAL tokens distributed via fair launch and community incentives.,"No evidence of ICO, IEO, or other mechanisms.",1.0,0.0,0.0,1.0,0.0,0.0,0.0,0.0,0.0,1.0,0.0,0.0,"1B tokens, 35% in DAO treasury with 10% annual emission cap.",No other emission mechanisms identified.,1.0,1.0,1.0,0.0,1.0,0.0,"Staking, liquidity mining, governance, and user rewards are integral to VIRTUAL.",,1.0,0.0,1.0,0.0,0.0,1.0,0.0,1.0,1.0,1.0,0.0,"VIRTUAL has a fixed supply with deflationary mechanisms, bonding curves, vesting, AMM pricing, and DAO governance.",,0.0,0.0,1.0,0.0,1.0,0.0,1.0,0.0,0.0,0.0,0.0,"Utilizes multi-signature wallets, decentralized governance, and token vesting mechanisms.","No information found on audits, bug bounties, or other security measures.",1.0,0.0,0.0,0.0,0.0,0.0,1.0,0.0,0.0,1.0,0.0,Cliff vesting for public distribution; ecosystem treasury emissions capped at 10% annually.,
8425,JASMY,JasmyCoin,0.0151509104518449,749136762.4002979,49444999677.16958,50000000000.0,50000000000.0,0x7420B4b9a0110cdC71fB720908340C03F9Bc03EC,1,1,0,0,Facilitates data transactions and platform services in IoT ecosystem.,,0.0,1.0,0.0,0.0,0.0,0.0,0.0,0.0,0.0,0.0,0.0,Centralized governance by founding team; no on-chain voting rights for token holders.,,1.0,0.0,0.0,0.0,0.0,0.0,0.0,1.0,1.0,0.0,0.0,"JasmyCoin distributed via airdrops, direct sales, and community incentives.","No evidence of ICO, IEO, or other mechanisms.",1.0,0.0,0.0,1.0,0.0,0.0,0.0,0.0,0.0,0.0,0.0,0.0,"50B tokens, fixed supply; staged vesting for ecosystem, investors, contributors, incentives.",Specific vesting schedules and unlock dates are not fully disclosed.,1.0,0.0,0.0,0.0,1.0,1.0,"Staking rewards, user incentives, and buyback programs implemented.",No evidence of governance rights or yield farming mechanisms.,1.0,0.0,0.0,0.0,0.0,0.0,0.0,1.0,0.0,0.0,0.0,"Fixed supply of 50 billion tokens; vesting schedule until January 31, 2025.",,1.0,0.0,1.0,0.0,0.0,0.0,0.0,0.0,0.0,1.0,0.0,"Audited smart contracts, multi-signature wallets, and regulatory compliance enhance security.","No information found on bug bounty programs, insurance funds, or decentralized governance.",1.0,1.0,0.0,1.0,1.0,0.0,1.0,0.0,1.0,1.0,0.0,Ecosystem and investor tokens have cliff periods and linear vesting; incentives are milestone-based.,Specific vesting schedules and conditions are not fully disclosed.
7080,GALA,Gala,0.0153700612564714,699504665.1410729,45510857339.39763,45510857339.39763,50000000000.0,0xd1d2Eb1B1e90B638588728b4130137D262C87cae,1,1,0,0,GALA is used for transactions and governance in Gala's ecosystem.,,0.0,1.0,0.0,0.0,0.0,1.0,0.0,1.0,0.0,0.0,0.0,Governance via Founder’s Nodes with off-chain voting; Gnosis multisig for security.,No evidence of on-chain or DAO governance mechanisms.,0.0,0.0,0.0,0.0,0.0,0.0,1.0,0.0,1.0,0.0,0.0,GALA tokens distributed via fair launch to node operators and community incentives.,No ICO or pre-mint; tokens earned through node operation and community participation.,1.0,0.0,0.0,0.0,0.0,0.0,0.0,0.0,0.0,1.0,0.0,1.0,Daily emissions are 0.25% of the difference between Total and Max Supply.,Emission mechanism changed in August 2024; details may evolve.,0.0,0.0,1.0,0.0,1.0,1.0,"GALA offers governance rights, user rewards, and node operator incentives.",,1.0,0.0,1.0,1.0,1.0,0.0,0.0,0.0,0.0,1.0,0.0,"GALA has a fixed supply with dynamic emissions, halving events, and token burns.",,1.0,1.0,1.0,0.0,1.0,0.0,0.0,0.0,0.0,1.0,0.0,"Gala employs audits, bug bounties, multi-sig wallets, and decentralized governance.","No information found on insurance funds, rate limiting, token vesting, or oracle security.",0.0,1.0,0.0,0.0,0.0,0.0,1.0,1.0,0.0,1.0,0.0,GALA tokens are distributed daily with linear vesting to node operators and community.,
6210,SAND,The_Sandbox,0.2661797211858163,684957399.1841191,2573289190.2233224,3000000000.0,,0x3845badAde8e6dFF049820680d1F14bD3903a5d0,0,1,0,0,"Utility token for transactions, governance, and staking in The Sandbox ecosystem.",,1.0,1.0,1.0,1.0,0.0,0.0,1.0,1.0,0.0,1.0,0.0,"SAND holders participate in governance via DAO, with delegated voting and council oversight.",,0.0,0.0,1.0,0.0,0.0,0.0,0.0,1.0,0.0,0.0,0.0,SAND distributed via Binance Launchpad IEO and private sales.,,1.0,0.0,1.0,1.0,0.0,0.0,0.0,0.0,1.0,1.0,0.0,0.0,3B SAND cap; linear vesting; staking rewards; DAO governance.,None.,1.0,0.0,1.0,0.0,1.0,0.0,"SAND offers staking rewards, governance voting, and user activity incentives.",,1.0,0.0,1.0,0.0,0.0,0.0,0.0,1.0,0.0,0.0,0.0,SAND has a fixed supply of 3 billion tokens with deflationary mechanisms and staged releases.,,1.0,1.0,0.0,0.0,1.0,0.0,0.0,0.0,0.0,0.0,0.0,"Audited smart contracts, active bug bounty, and decentralized governance.","No information found on multi-signature wallets, insurance funds, or other mechanisms.",1.0,1.0,0.0,0.0,1.0,0.0,1.0,1.0,1.0,0.0,0.0,"One-year cliff, followed by linear vesting over several years.",
9481,PENDLE,Pendle,4.020073510369394,666557241.1806701,165807227.02242875,281527448.45853144,,0x808507121b80c02388fad14726482e061b8da827,0,1,0,0,Utility token for governance and protocol incentives.,,1.0,0.0,1.0,0.0,0.0,0.0,0.0,1.0,1.0,1.0,0.0,"vePENDLE holders vote on-chain, lock tokens for governance, direct incentives.",,1.0,0.0,0.0,0.0,0.0,1.0,0.0,0.0,1.0,0.0,0.0,"PENDLE distributed via airdrops, liquidity bootstrapping, and community incentives.","No information found on ICO, IEO, STO, IDO, fair launch, direct sale, or bounty programs.",0.0,1.0,0.0,1.0,1.0,0.0,0.0,0.0,0.0,1.0,0.0,0.0,"Weekly emissions decrease by 1.1% until April 2026, then 2% annual inflation.",None,1.0,1.0,1.0,0.0,0.0,0.0,"vePENDLE holders earn staking rewards, boost LP incentives, and participate in governance.",,0.0,1.0,0.0,1.0,0.0,0.0,0.0,1.0,1.0,1.0,0.0,"Pendle employs decreasing emissions, vePENDLE governance, and AMM for trading.",,1.0,1.0,0.0,0.0,1.0,0.0,1.0,0.0,0.0,0.0,0.0,Audited with bug bounty; employs decentralized governance and token vesting.,"No information on multi-signature wallets, insurance funds, or oracle security.",1.0,1.0,0.0,0.0,0.0,0.0,1.0,1.0,1.0,1.0,0.0,"Team tokens: 1-year cliff, 20% quarterly; Investors: 25% quarterly.",
7326,DEXE,DeXe,7.5761610763211475,634377920.8906928,83733425.74162056,96504599.33609451,,0xde4EE8057785A7e8e800Db58F9784845A5C2Cbd6,0,1,0,0,A governance token for DeXe Protocol DAO.,,1.0,0.0,1.0,1.0,0.0,0.0,1.0,1.0,0.0,1.0,0.0,DeXe employs on-chain DAO governance with delegated voting and council-based oversight.,,0.0,1.0,0.0,0.0,0.0,0.0,0.0,0.0,1.0,0.0,0.0,DEXE distributed via ICO and community incentives.,"No information found on airdrops, IEO, STO, IDO, LBP, fair launch, direct sale, or bounty programs.",1.0,0.0,0.0,0.0,0.0,0.0,0.0,1.0,1.0,1.0,0.0,0.0,Fixed supply with buyback and burn; staking rewards; DAO-controlled emissions.,Specific vesting schedules and emission rates not detailed.,1.0,0.0,1.0,0.0,1.0,0.0,"DEXE offers staking rewards, governance participation, and user activity incentives.",,0.0,0.0,0.0,0.0,0.0,0.0,0.0,0.0,0.0,1.0,0.0,DEXE token supply and pricing are governed by DeXe Protocol DAO.,Specific supply mechanisms are not detailed in available sources.,1.0,0.0,0.0,0.0,1.0,0.0,0.0,0.0,0.0,0.0,0.0,Audited smart contracts and decentralized governance via $DEXE token.,"No information found on bug bounties, multi-signature wallets, or insurance funds.",1.0,1.0,0.0,0.0,1.0,0.0,1.0,1.0,0.0,1.0,0.0,DeXe employs cliff periods followed by linear vesting for various allocations.,
34104,MORPHO,Morpho,1.7650339446782273,570356945.099887,323142196.114458,1000000000.0,1000000000.0,0x58D97B57BB95320F9a05dC918Aef65434969c2B2,0,1,0,0,A governance token for voting rights within the Morpho Protocol.,,1.0,1.0,1.0,1.0,0.0,1.0,0.0,1.0,0.0,1.0,0.0,"Morpho employs on-chain and off-chain governance via DAO, delegated voting, and multisig control.",,1.0,0.0,0.0,0.0,0.0,0.0,0.0,1.0,1.0,0.0,0.0,"Tokens distributed via airdrops, direct sales to investors, and community incentives.","No information on ICO, IEO, STO, IDO, LBP, fair launch, or bounty programs.",1.0,0.0,1.0,1.0,0.0,0.0,0.0,0.0,0.0,1.0,0.0,0.0,1 billion tokens with linear vesting and DAO-controlled emissions.,None,0.0,0.0,1.0,0.0,0.0,0.0,MORPHO tokens grant voting rights for protocol decisions.,,1.0,0.0,0.0,0.0,0.0,0.0,0.0,1.0,0.0,0.0,0.0,Morpho has a fixed supply with staged token releases.,,1.0,1.0,0.0,0.0,1.0,1.0,0.0,1.0,0.0,0.0,0.0,"Extensive audits, bug bounties, decentralized governance, and robust risk management mechanisms.","No information found on multi-signature wallets, insurance funds, token vesting, slashing mechanisms, or KYC/AML compliance.",1.0,1.0,0.0,0.0,1.0,0.0,1.0,1.0,1.0,1.0,0.0,"Morpho employs cliff periods, linear, and hybrid vesting for various allocations.",
19891,USDD,USDD,0.9993659173121034,559974025.878033,560329321.0,560329321.0,,0x3D7975EcCFc61a2102b08925CbBa0a4D4dBB6555,1,0,0,0,An over-collateralized stablecoin pegged to the US Dollar.,,0.0,1.0,1.0,0.0,0.0,1.0,1.0,0.0,0.0,0.0,0.0,Governed by TRON DAO Reserve with council-based decisions and multi-signature control.,Governance portal removal raises questions about decentralization claims.,0.0,0.0,0.0,0.0,0.0,0.0,0.0,0.0,0.0,0.0,1.0,USDD is minted by TRON DAO Reserve members via TRX burning.,USDD distribution does not fit standard categories; unique minting process.,0.0,0.0,0.0,0.0,0.0,0.0,0.0,1.0,0.0,0.0,0.0,0.0,Mint/burn 1:1 with crypto collateral deposits and redemptions.,No reliable source found detailing emission mechanisms.,1.0,1.0,0.0,0.0,0.0,0.0,Offers staking rewards and liquidity mining opportunities.,No governance system; yield farming details unclear.,0.0,0.0,0.0,0.0,1.0,0.0,0.0,0.0,0.0,0.0,0.0,USDD mints/burns tokens based on demand to maintain a 1:1 USD peg.,,1.0,0.0,1.0,0.0,0.0,0.0,0.0,0.0,0.0,0.0,0.0,Audited smart contracts; multi-signature wallets for reserve management.,No evidence of bug bounty programs or decentralized governance.,0.0,0.0,0.0,0.0,0.0,0.0,0.0,0.0,0.0,0.0,1.0,No vesting mechanisms for algorithmic stablecoin.,
1966,MANA,Decentraland,0.2802167240808567,551951010.6125609,1969729010.368757,2193179327.320146,,0x0f5d2fb29fb7d3cfee444a200298f468908cc942,1,1,0,0,MANA is used for transactions and governance in Decentraland.,,1.0,1.0,1.0,1.0,0.0,1.0,1.0,1.0,1.0,1.0,0.0,Decentraland employs a hybrid governance model combining on-chain and off-chain mechanisms.,,0.0,1.0,0.0,0.0,0.0,0.0,0.0,0.0,0.0,0.0,0.0,MANA was distributed through a 2017 ICO raising $26 million.,No information found on other distribution methods.,1.0,0.0,0.0,1.0,0.0,0.0,0.0,0.0,0.0,1.0,0.0,0.0,Fixed supply with vesting schedules; DAO governs tokenomics adjustments.,Initial inflation removed; current mechanisms governed by DAO.,0.0,0.0,1.0,0.0,1.0,0.0,MANA grants voting rights and rewards user activities within Decentraland.,,1.0,0.0,1.0,0.0,0.0,0.0,0.0,1.0,0.0,0.0,0.0,MANA has a fixed supply with deflationary burns and staged vesting releases.,,0.0,0.0,1.0,0.0,1.0,0.0,0.0,0.0,0.0,0.0,0.0,Utilizes multisig wallets and decentralized governance for enhanced security.,"No public information on audits, bug bounties, or other security measures.",1.0,1.0,0.0,0.0,1.0,1.0,0.0,1.0,0.0,1.0,0.0,"Team: 6-month cliff, 3-year linear vesting; DAO: 10-year linear vesting.",
33824,SYRUP,Maple_Finance,0.4374367087785035,522484896.4979771,1194423984.1163807,1200275708.54902,,0x643C4E15d7d62Ad0aBeC4a9BD4b001aA3Ef52d66,0,1,0,0,Governance token for Maple Finance ecosystem.,,1.0,1.0,1.0,1.0,0.0,0.0,1.0,1.0,0.0,0.0,0.0,"SYRUP token holders govern via on-chain votes, council, and delegated voting.",,0.0,0.0,0.0,0.0,0.0,0.0,0.0,1.0,1.0,0.0,0.0,MPL distributed via direct sales and community incentives.,Specific details on distribution mechanisms are limited.,0.0,0.0,0.0,1.0,1.0,0.0,0.0,0.0,0.0,1.0,0.0,0.0,Initial mint of 1.15B SYRUP; 5% annual inflation over 3 years.,No maximum supply; emissions governed by DAO decisions.,1.0,0.0,1.0,0.0,1.0,0.0,"SYRUP offers staking rewards, governance rights, and user activity rewards.",,0.0,1.0,1.0,0.0,1.0,0.0,0.0,1.0,1.0,1.0,0.0,"SYRUP has inflationary supply, deflationary buybacks, dynamic minting, vesting, AMM pricing, and DAO governance.",,1.0,1.0,1.0,1.0,1.0,1.0,1.0,1.0,0.0,1.0,0.0,"Comprehensive security measures including audits, bug bounties, multisig wallets, insurance, and KYC compliance.",,0.0,1.0,0.0,0.0,0.0,0.0,1.0,1.0,1.0,0.0,0.0,Linear vesting for team (2 years) and investors (1.5 years).,
18679,XCN,Onyxcoin,0.0144313896536218,494418297.233728,34259922925.0,48402437326.0,48402437326.0,0xA2cd3D43c775978A96BdBf12d733D5A1ED94fb18,1,1,0,0,"Serves as governance, utility, and gas token in Onyx ecosystem.",,1.0,1.0,1.0,0.0,0.0,0.0,0.0,1.0,1.0,1.0,0.0,Onyxcoin utilizes on-chain and off-chain governance with DAO participation and proposal voting systems.,,0.0,0.0,0.0,0.0,0.0,0.0,0.0,0.0,1.0,0.0,1.0,XCN distributed via DAO incentives and time-locked treasury releases.,"No evidence of ICO, IEO, or other mechanisms.",1.0,0.0,0.0,1.0,0.0,0.0,0.0,0.0,0.0,1.0,0.0,0.0,Fixed supply with staged vesting; DAO controls emissions and burns.,No evidence of linear emission; DAO controls suggest governance-based adjustments.,1.0,0.0,1.0,0.0,0.0,0.0,XCN offers staking rewards and governance participation.,,1.0,0.0,1.0,0.0,0.0,0.0,0.0,1.0,0.0,1.0,0.0,XCN has a fixed supply with token burns and DAO-controlled vesting releases.,,1.0,0.0,0.0,0.0,1.0,0.0,0.0,0.0,0.0,0.0,1.0,"Audited smart contracts, decentralized governance, and fraud-proof mechanisms enhance security.","No information found on bug bounties, multi-signature wallets, or insurance funds.",1.0,1.0,0.0,0.0,0.0,0.0,1.0,0.0,0.0,0.0,0.0,Onyxcoin employs cliff and linear vesting schedules until 2030.,Specifics on team and investor vesting schedules are not detailed.
2563,TUSD,TrueUSD,0.996589762945872,492828669.3401281,494515083.0,494515083.0,,0x0000000000085d4780B73119b644AE5ecd22b376,1,0,0,0,USD-backed stablecoin designed to maintain a 1:1 peg with the US Dollar,,0.0,1.0,0.0,0.0,0.0,0.0,0.0,0.0,0.0,0.0,0.0,"Centralized governance by Techteryx, no on-chain voting.",,0.0,0.0,0.0,0.0,0.0,0.0,0.0,1.0,0.0,0.0,0.0,TUSD distributed via direct sale after KYC/AML verification.,No evidence of other distribution mechanisms found.,0.0,0.0,0.0,0.0,0.0,0.0,0.0,1.0,0.0,0.0,0.0,0.0,Mint/burn 1:1 with USD deposits and redemptions.,,0.0,1.0,0.0,0.0,1.0,0.0,Offers liquidity mining and user rewards; no staking or governance incentives.,,0.0,0.0,0.0,0.0,1.0,0.0,0.0,0.0,0.0,0.0,0.0,TUSD mints/burns tokens based on USD deposits and redemptions.,,1.0,0.0,0.0,0.0,0.0,0.0,0.0,1.0,0.0,1.0,0.0,Audited stablecoin with KYC/AML compliance and Chainlink Proof of Reserve integration.,"No information found on bug bounty programs, multi-signature wallets, insurance funds, or decentralized governance.",0.0,0.0,0.0,0.0,0.0,0.0,0.0,0.0,0.0,0.0,1.0,No vesting mechanisms for fully collateralized stablecoin.,
